Temperature,CO2,VOC,Time
0.4375,400,0,02:54:26
0.4375,400,0,02:54:27
0.375,400,0,02:54:28
0.4375,400,0,02:54:29
0.375,400,0,02:54:31
0.375,400,0,02:54:32
0.4375,400,0,02:54:33
0.5,400,0,02:54:34
0.5,400,0,02:54:36
0.4375,400,0,02:54:37
0.5,400,0,02:54:38
0.5625,400,0,02:54:39
0.5,400,0,02:54:41
0.375,400,0,02:54:42
0.375,400,0,02:54:43
0.3125,400,0,02:54:44
0.375,400,0,02:54:45
0.375,400,0,02:54:47
0.375,400,0,02:54:48
0.3125,400,0,02:54:49
0.3125,400,0,02:54:50
0.3125,400,0,02:54:52
0.25,400,0,02:54:53
0.375,400,0,02:54:54
0.375,400,0,02:54:55
0.375,400,0,02:54:57
0.375,400,0,02:54:58
0.3125,400,0,02:54:59
0.3125,400,0,02:55:00
0.3125,400,0,02:55:02
0.375,400,0,02:55:03
0.375,400,0,02:55:04
0.375,400,0,02:55:05
0.375,400,0,02:55:06
0.375,400,0,02:55:08
0.375,400,0,02:55:09
0.3125,400,0,02:55:10
0.3125,400,0,02:55:11
0.3125,400,0,02:55:13
0.3125,400,0,02:55:14
0.25,400,0,02:55:15
0.25,400,0,02:55:16
0.25,400,0,02:55:18
0.3125,400,0,02:55:19
0.25,400,0,02:55:20
0.3125,400,0,02:55:21
0.3125,400,0,02:55:22
0.3125,400,0,02:55:24
0.25,400,0,02:55:25
0.25,400,0,02:55:26
0.25,400,0,02:55:27
0.25,400,0,02:55:29
0.25,400,0,02:55:30
0.25,400,0,02:55:31
0.25,400,0,02:55:32
0.25,400,0,02:55:34
0.25,400,0,02:55:35
0.25,400,0,02:55:36
0.25,400,0,02:55:37
0.25,400,0,02:55:39
0.25,400,0,02:55:40
0.25,400,0,02:55:41
0.3125,400,0,02:55:42
0.3125,400,0,02:55:43
0.25,400,0,02:55:45
0.1875,400,0,02:55:46
0.25,400,0,02:55:47
0.25,400,0,02:55:48
0.25,400,0,02:55:50
0.1875,400,0,02:55:51
0.3125,400,0,02:55:52
0.25,400,0,02:55:53
0.1875,400,0,02:55:55
0.25,400,0,02:55:56
0.25,400,0,02:55:57
0.25,400,0,02:55:58
0.25,400,0,02:55:59
0.25,400,0,02:56:01
0.1875,400,0,02:56:02
0.1875,400,0,02:56:03
0.1875,400,0,02:56:04
0.125,400,0,02:56:06
0.125,400,0,02:56:07
0.1875,400,0,02:56:08
0.125,400,0,02:56:09
0.125,400,0,02:56:11
0.125,400,0,02:56:12
0.125,400,0,02:56:13
0.125,400,0,02:56:14
0.1875,400,0,02:56:16
0.125,400,0,02:56:17
0.125,400,0,02:56:18
0.1875,400,0,02:56:19
0.125,400,0,02:56:20
0.0625,400,0,02:56:22
0.0625,400,0,02:56:23
0.0625,400,0,02:56:24
0.0625,400,0,02:56:25
0.0625,400,0,02:56:27
0.0,400,0,02:56:28
0.0,400,0,02:56:29
0.0625,400,0,02:56:30
0.0625,400,0,02:56:32
0.0,400,0,02:56:33
0.0,400,0,02:56:34
0.0,400,0,02:56:35
0.0,400,0,02:56:37
0.0,400,0,02:56:38
0.0,400,0,02:56:39
0.0,400,0,02:56:40
0.0,400,0,02:56:41
0.0,400,0,02:56:43
0.0,400,0,02:56:44
-0.0625,400,0,02:56:45
0.0,400,0,02:56:46
-0.0625,400,0,02:56:48
-0.0625,400,0,02:56:49
-0.125,400,0,02:56:50
-0.125,400,0,02:56:51
-0.0625,400,0,02:56:53
-0.125,400,0,02:56:54
-0.125,400,0,02:56:55
-0.125,400,0,02:56:56
-0.1875,400,0,02:56:57
-0.125,400,0,02:56:59
-0.125,400,0,02:57:00
-0.1875,400,0,02:57:01
-0.1875,400,0,02:57:02
-0.125,400,0,02:57:04
-0.1875,400,0,02:57:05
-0.1875,400,0,02:57:06
-0.25,400,0,02:57:07
-0.1875,400,0,02:57:09
-0.25,400,0,02:57:10
-0.25,400,0,02:57:11
-0.3125,400,0,02:57:12
-0.375,400,0,02:57:14
-0.25,400,0,02:57:15
-0.3125,400,0,02:57:16
-0.25,400,0,02:57:17
-0.375,400,0,02:57:18
-0.3125,400,0,02:57:20
-0.25,400,0,02:57:21
-0.3125,400,0,02:57:22
-0.3125,400,0,02:57:23
-0.375,400,0,02:57:25
-0.3125,400,0,02:57:26
-0.375,400,0,02:57:27
-0.375,400,0,02:57:28
-0.375,400,0,02:57:30
-0.4375,400,0,02:57:31
-0.375,400,0,02:57:32
-0.375,400,0,02:57:33
-0.5,400,0,02:57:35
-0.4375,400,0,02:57:36
-0.375,400,0,02:57:37
-0.4375,400,0,02:57:38
-0.375,400,0,02:57:39
-0.4375,400,0,02:57:41
-0.5,400,0,02:57:42
-0.4375,400,0,02:57:43
-0.4375,400,0,02:57:44
-0.4375,400,0,02:57:46
-0.5,400,0,02:57:47
-0.4375,400,0,02:57:48
-0.5,400,0,02:57:49
-0.5,400,0,02:57:51
-0.5,400,0,02:57:52
-0.5625,400,0,02:57:53
-0.5625,400,0,02:57:54
-0.5625,400,0,02:57:55
-0.625,400,0,02:57:57
-0.5625,400,0,02:57:58
-0.5625,400,0,02:57:59
-0.5625,400,0,02:58:00
-0.5625,400,0,02:58:02
-0.6875,400,0,02:58:03
-0.625,400,0,02:58:04
-0.625,400,0,02:58:05
-0.625,400,0,02:58:07
-0.625,400,0,02:58:08
-0.6875,400,0,02:58:09
-0.6875,400,0,02:58:10
-0.6875,400,0,02:58:12
-0.6875,400,0,02:58:13
-0.75,400,0,02:58:14
-0.8125,400,0,02:58:15
-0.75,400,0,02:58:16
-0.75,400,0,02:58:18
-0.75,400,0,02:58:19
-0.8125,400,0,02:58:20
-0.8125,400,0,02:58:21
-0.75,400,0,02:58:23
-0.8125,400,0,02:58:24
-0.8125,400,0,02:58:25
-0.8125,400,0,02:58:26
-0.8125,400,0,02:58:28
-0.8125,400,0,02:58:29
-0.875,400,0,02:58:30
-0.875,400,0,02:58:31
-0.875,400,0,02:58:32
-0.9375,400,0,02:58:34
-0.9375,400,0,02:58:35
-0.9375,400,0,02:58:36
-0.9375,400,0,02:58:37
-0.9375,400,0,02:58:39
-0.9375,400,0,02:58:40
-1.0,400,0,02:58:41
-1.0,400,0,02:58:42
-0.9375,400,0,02:58:44
-0.9375,400,0,02:58:45
-1.0,400,0,02:58:46
-1.0,400,0,02:58:47
-0.9375,400,0,02:58:49
-1.0625,400,0,02:58:50
-1.0625,400,0,02:58:51
-1.0625,400,0,02:58:52
-1.0625,400,0,02:58:53
-1.0,400,0,02:58:55
-1.125,400,0,02:58:56
-1.0625,400,0,02:58:57
-1.0625,400,0,02:58:58
-1.125,400,0,02:59:00
-1.0625,400,0,02:59:01
-1.125,400,0,02:59:02
-1.125,400,0,02:59:03
-1.125,400,0,02:59:05
-1.125,400,0,02:59:06
-1.125,400,0,02:59:07
-1.1875,400,0,02:59:08
-1.1875,400,0,02:59:09
-1.1875,400,0,02:59:11
-1.1875,400,0,02:59:12
-1.1875,400,0,02:59:13
-1.25,400,0,02:59:14
-1.25,400,0,02:59:16
-1.1875,400,0,02:59:17
-1.3125,400,0,02:59:18
-1.25,400,0,02:59:19
-1.25,400,0,02:59:21
-1.25,400,0,02:59:22
-1.3125,400,0,02:59:23
-1.3125,400,0,02:59:24
-1.25,400,0,02:59:26
-1.3125,400,0,02:59:27
-1.3125,400,0,02:59:28
-1.3125,400,0,02:59:29
-1.25,400,0,02:59:30
-1.3125,400,0,02:59:32
-1.3125,400,0,02:59:33
-1.375,400,0,02:59:34
-1.375,400,0,02:59:35
-1.375,400,0,02:59:37
-1.375,400,0,02:59:38
-1.375,400,0,02:59:39
-1.375,400,0,02:59:40
-1.4375,400,0,02:59:42
-1.4375,400,0,02:59:43
-1.375,400,0,02:59:44
-1.375,400,0,02:59:45
-1.375,400,0,02:59:46
-1.375,400,0,02:59:48
-1.4375,400,0,02:59:49
-1.4375,400,0,02:59:50
-1.4375,400,0,02:59:51
-1.375,400,0,02:59:53
-1.4375,400,0,02:59:54
-1.4375,400,0,02:59:55
-1.375,400,0,02:59:56
-1.4375,400,0,02:59:58
-1.4375,400,0,02:59:59
-1.4375,400,0,03:00:00
-1.4375,400,0,03:00:01
-1.5,400,0,03:00:03
-1.5,400,0,03:00:04
-1.5,400,0,03:00:05
-1.4375,400,0,03:00:06
-1.5,400,0,03:00:07
-1.4375,400,0,03:00:09
-1.5,400,0,03:00:10
-1.5,400,0,03:00:11
-1.5,400,0,03:00:12
-1.5,400,0,03:00:14
-1.5,400,0,03:00:15
-1.5,400,0,03:00:16
-1.5625,400,0,03:00:17
-1.5625,400,0,03:00:19
-1.5625,400,0,03:00:20
-1.5625,400,0,03:00:21
-1.5625,400,0,03:00:22
-1.5625,400,0,03:00:23
-1.5625,400,0,03:00:25
-1.5625,400,0,03:00:26
-1.5625,400,0,03:00:27
-1.5,400,0,03:00:28
-1.5625,400,0,03:00:30
-1.5625,400,0,03:00:31
-1.5625,400,0,03:00:32
-1.5625,400,0,03:00:33
-1.5625,400,0,03:00:35
-1.5625,400,0,03:00:36
-1.625,400,0,03:00:37
-1.5625,400,0,03:00:38
-1.5625,400,0,03:00:40
-1.5625,400,0,03:00:41
-1.625,400,0,03:00:42
-1.625,400,0,03:00:43
-1.5625,400,0,03:00:44
-1.625,400,0,03:00:46
-1.625,400,0,03:00:47
-1.625,400,0,03:00:48
-1.5625,400,0,03:00:49
-1.625,400,0,03:00:51
-1.5625,400,0,03:00:52
-1.625,400,0,03:00:53
-1.625,400,0,03:00:54
-1.5625,400,0,03:00:56
-1.5625,400,0,03:00:57
-1.625,400,0,03:00:58
-1.625,400,0,03:00:59
-1.625,400,0,03:01:00
-1.625,400,0,03:01:02
-1.625,400,0,03:01:03
-1.625,400,0,03:01:04
-1.6875,400,0,03:01:05
-1.625,400,0,03:01:07
-1.625,400,0,03:01:08
-1.6875,400,0,03:01:09
-1.625,400,0,03:01:10
-1.6875,400,0,03:01:12
-1.6875,400,0,03:01:13
-1.625,400,0,03:01:14
-1.6875,400,0,03:01:15
-1.6875,400,0,03:01:17
-1.6875,400,0,03:01:18
-1.6875,400,0,03:01:19
-1.75,400,0,03:01:20
-1.6875,400,0,03:01:21
-1.6875,400,0,03:01:23
-1.6875,400,0,03:01:24
-1.6875,400,0,03:01:25
-1.6875,400,0,03:01:26
-1.75,400,0,03:01:28
-1.75,400,0,03:01:29
-1.6875,400,0,03:01:30
-1.75,400,0,03:01:31
-1.6875,400,0,03:01:33
-1.75,400,0,03:01:34
-1.6875,400,0,03:01:35
-1.75,400,0,03:01:36
-1.75,400,0,03:01:38
-1.75,400,0,03:01:39
-1.75,400,0,03:01:40
-1.75,400,0,03:01:41
-1.8125,400,0,03:01:42
-1.8125,400,0,03:01:44
-1.8125,400,0,03:01:45
-1.75,400,0,03:01:46
-1.75,400,0,03:01:47
-1.75,400,0,03:01:49
-1.75,400,0,03:01:50
-1.8125,400,0,03:01:51
-1.75,400,0,03:01:52
-1.75,400,0,03:01:54
-1.8125,400,0,03:01:55
-1.75,400,0,03:01:56
-1.75,400,0,03:01:57
-1.75,400,0,03:01:58
-1.75,400,0,03:02:00
-1.8125,400,0,03:02:01
-1.75,400,0,03:02:02
-1.8125,400,0,03:02:03
-1.8125,400,0,03:02:05
-1.8125,400,0,03:02:06
-1.8125,400,0,03:02:07
-1.8125,400,0,03:02:08
-1.8125,400,0,03:02:10
-1.8125,400,0,03:02:11
-1.875,400,0,03:02:12
-1.8125,400,0,03:02:13
-1.8125,400,0,03:02:15
-1.8125,400,0,03:02:16
-1.8125,400,0,03:02:17
-1.8125,400,0,03:02:18
-1.875,400,0,03:02:19
-1.875,400,0,03:02:21
-1.875,400,0,03:02:22
-1.9375,400,0,03:02:23
-1.875,400,0,03:02:24
-1.875,400,0,03:02:26
-1.875,400,0,03:02:27
-1.875,400,0,03:02:28
-1.875,400,0,03:02:29
-1.875,400,0,03:02:31
-1.9375,400,0,03:02:32
-1.875,400,0,03:02:33
-1.9375,400,0,03:02:34
-1.875,400,0,03:02:35
-1.875,400,0,03:02:37
-1.875,400,0,03:02:38
-1.9375,400,0,03:02:39
-1.875,400,0,03:02:40
-1.9375,400,0,03:02:42
-1.9375,400,0,03:02:43
-1.9375,400,0,03:02:44
-1.9375,400,0,03:02:45
-1.9375,400,0,03:02:47
-2.0,400,0,03:02:48
-1.9375,400,0,03:02:49
-2.0,400,0,03:02:50
-2.0,400,0,03:02:52
-2.0,400,0,03:02:53
-1.9375,400,0,03:02:54
-2.0,400,0,03:02:55
-2.0,400,0,03:02:56
-1.9375,400,0,03:02:58
-2.0,400,0,03:02:59
-2.0625,400,0,03:03:00
-2.0,400,0,03:03:01
-2.0625,400,0,03:03:03
-2.0625,400,0,03:03:04
-2.0,400,0,03:03:05
-2.0625,400,0,03:03:06
-2.0,400,0,03:03:08
-2.0,400,0,03:03:09
-2.0,400,0,03:03:10
-2.0625,400,0,03:03:11
-2.0,400,0,03:03:12
-2.0625,400,0,03:03:14
-2.0,400,0,03:03:15
-2.0,400,0,03:03:16
-2.0625,400,0,03:03:17
-2.0,400,0,03:03:19
-1.9375,400,0,03:03:20
-2.0,400,0,03:03:21
-2.0625,400,0,03:03:22
-2.0625,400,0,03:03:24
-2.0625,400,0,03:03:25
-2.0625,400,0,03:03:26
-2.0625,400,0,03:03:27
-2.0,400,0,03:03:29
-2.0,400,0,03:03:30
-2.0625,400,0,03:03:31
-2.0625,400,0,03:03:32
-2.0625,400,0,03:03:33
-2.125,400,0,03:03:35
-2.0625,400,0,03:03:36
-2.0625,400,0,03:03:37
-2.0625,400,0,03:03:38
-2.0625,400,0,03:03:40
-2.0625,400,0,03:03:41
-2.125,400,0,03:03:42
-2.0625,400,0,03:03:43
-2.0625,400,0,03:03:45
-2.0625,400,0,03:03:46
-2.1875,400,0,03:03:47
-2.0625,400,0,03:03:48
-2.0625,400,0,03:03:49
-2.125,400,0,03:03:51
-2.125,400,0,03:03:52
-2.125,400,0,03:03:53
-2.0625,400,0,03:03:54
-2.125,400,0,03:03:56
-2.0625,400,0,03:03:57
-2.125,400,0,03:03:58
-2.0625,400,0,03:03:59
-2.125,400,0,03:04:01
-2.1875,400,0,03:04:02
-2.1875,400,0,03:04:03
-2.0625,400,0,03:04:04
-2.125,400,0,03:04:06
-2.125,400,0,03:04:07
-2.1875,400,0,03:04:08
-2.0625,400,0,03:04:09
-2.125,400,0,03:04:10
-2.1875,400,0,03:04:12
-2.1875,400,0,03:04:13
-2.125,400,0,03:04:14
-2.0625,400,0,03:04:15
-2.125,400,0,03:04:17
-2.1875,400,0,03:04:18
-2.1875,400,0,03:04:19
-2.125,400,0,03:04:20
-2.1875,400,0,03:04:22
-2.1875,400,0,03:04:23
-2.1875,400,0,03:04:24
-2.1875,400,0,03:04:25
-2.125,400,0,03:04:27
-2.1875,400,0,03:04:28
-2.1875,400,0,03:04:29
-2.25,400,0,03:04:30
-2.25,400,0,03:04:31
-2.1875,400,0,03:04:33
-2.25,400,0,03:04:34
-2.25,400,0,03:04:35
-2.1875,400,0,03:04:36
-2.25,400,0,03:04:38
-2.1875,400,0,03:04:39
-2.3125,400,0,03:04:40
-2.1875,400,0,03:04:41
-2.1875,400,0,03:04:43
-2.25,400,0,03:04:44
-2.1875,400,0,03:04:45
-2.25,400,0,03:04:46
-2.25,400,0,03:04:47
-2.1875,400,0,03:04:49
-2.25,400,0,03:04:50
-2.25,400,0,03:04:51
-2.25,400,0,03:04:52
-2.3125,400,0,03:04:54
-2.25,400,0,03:04:55
-2.3125,400,0,03:04:56
-2.25,400,0,03:04:57
-2.25,400,0,03:04:59
-2.25,400,0,03:05:00
-2.3125,400,0,03:05:01
-2.3125,400,0,03:05:02
-2.25,400,0,03:05:04
-2.3125,400,0,03:05:05
-2.3125,400,0,03:05:06
-2.3125,400,0,03:05:07
-2.25,400,0,03:05:08
-2.25,400,0,03:05:10
-2.3125,400,0,03:05:11
-2.3125,400,0,03:05:12
-2.25,400,0,03:05:13
-2.3125,400,0,03:05:15
-2.3125,400,0,03:05:16
-2.3125,400,0,03:05:17
-2.25,400,0,03:05:18
-2.3125,400,0,03:05:20
-2.25,400,0,03:05:21
-2.3125,400,0,03:05:22
-2.3125,400,0,03:05:23
-2.3125,400,0,03:05:24
-2.3125,400,0,03:05:26
-2.3125,400,0,03:05:27
-2.3125,400,0,03:05:28
-2.3125,400,0,03:05:29
-2.3125,400,0,03:05:31
-2.3125,400,0,03:05:32
-2.3125,400,0,03:05:33
-2.3125,400,0,03:05:34
-2.3125,400,0,03:05:36
-2.3125,400,0,03:05:37
-2.3125,400,0,03:05:38
-2.375,400,0,03:05:39
-2.3125,400,0,03:05:41
-2.3125,400,0,03:05:42
-2.3125,400,0,03:05:43
-2.375,400,0,03:05:44
-2.375,400,0,03:05:45
-2.375,400,0,03:05:47
-2.375,400,0,03:05:48
-2.375,400,0,03:05:49
-2.375,400,0,03:05:50
-2.375,400,0,03:05:52
-2.375,400,0,03:05:53
-2.375,400,0,03:05:54
-2.375,400,0,03:05:55
-2.375,400,0,03:05:57
-2.375,400,0,03:05:58
-2.375,400,0,03:05:59
-2.3125,400,0,03:06:00
-2.375,400,0,03:06:01
-2.3125,400,0,03:06:03
-2.375,400,0,03:06:04
-2.375,400,0,03:06:05
-2.375,400,0,03:06:06
-2.375,400,0,03:06:08
-2.375,400,0,03:06:09
-2.375,400,0,03:06:10
-2.375,400,0,03:06:11
-2.375,400,0,03:06:13
-2.375,400,0,03:06:14
-2.375,400,0,03:06:15
-2.375,400,0,03:06:16
-2.375,400,0,03:06:18
-2.375,400,0,03:06:19
-2.3125,400,0,03:06:20
-2.375,400,0,03:06:21
-2.375,400,0,03:06:22
-2.375,400,0,03:06:24
-2.3125,400,0,03:06:25
-2.375,400,0,03:06:26
-2.375,400,0,03:06:27
-2.375,400,0,03:06:29
-2.375,400,0,03:06:30
-2.4375,400,0,03:06:31
-2.375,400,0,03:06:32
-2.375,400,0,03:06:34
-2.4375,400,0,03:06:35
-2.375,400,0,03:06:36
-2.4375,400,0,03:06:37
-2.3125,400,0,03:06:39
-2.3125,400,0,03:06:40
-2.3125,400,0,03:06:41
-2.3125,400,0,03:06:42
-2.3125,400,0,03:06:43
-2.3125,400,0,03:06:45
-2.3125,400,0,03:06:46
-2.3125,400,0,03:06:47
-2.3125,400,0,03:06:48
-2.25,400,0,03:06:50
-2.25,400,0,03:06:51
-2.3125,400,0,03:06:52
-2.3125,400,0,03:06:53
-2.375,400,0,03:06:55
-2.3125,400,0,03:06:56
-2.3125,400,0,03:06:57
-2.3125,400,0,03:06:58
-2.3125,400,0,03:06:59
-2.3125,400,0,03:07:01
-2.3125,400,0,03:07:02
-2.3125,400,0,03:07:03
-2.3125,400,0,03:07:04
-2.3125,400,0,03:07:06
-2.3125,400,0,03:07:07
-2.3125,400,0,03:07:08
-2.3125,400,0,03:07:09
-2.25,400,0,03:07:11
-2.25,400,0,03:07:12
-2.3125,400,0,03:07:13
-2.25,400,0,03:07:14
-2.25,400,0,03:07:16
-2.3125,400,0,03:07:17
-2.3125,400,0,03:07:18
-2.25,400,0,03:07:19
-2.3125,400,0,03:07:20
-2.25,400,0,03:07:22
-2.25,400,0,03:07:23
-2.25,400,0,03:07:24
-2.3125,400,0,03:07:25
-2.25,400,0,03:07:27
-2.25,400,0,03:07:28
-2.25,400,0,03:07:29
-2.3125,400,0,03:07:30
-2.25,400,0,03:07:32
-2.25,400,0,03:07:33
-2.25,400,0,03:07:34
-2.25,400,0,03:07:35
-2.3125,400,0,03:07:36
-2.25,400,0,03:07:38
-2.3125,400,0,03:07:39
-2.3125,400,0,03:07:40
-2.25,400,0,03:07:41
-2.25,400,0,03:07:43
-2.3125,400,0,03:07:44
-2.3125,400,0,03:07:45
-2.25,400,0,03:07:46
-2.3125,400,0,03:07:48
-2.3125,400,0,03:07:49
-2.25,400,0,03:07:50
-2.25,400,0,03:07:51
-2.3125,400,0,03:07:53
-2.3125,400,0,03:07:54
-2.3125,400,0,03:07:55
-2.25,400,0,03:07:56
-2.3125,400,0,03:07:57
-2.3125,400,0,03:07:59
-2.25,400,0,03:08:00
-2.25,400,0,03:08:01
-2.25,400,0,03:08:02
-2.25,400,0,03:08:04
-2.3125,400,0,03:08:05
-2.3125,400,0,03:08:06
-2.3125,400,0,03:08:07
-2.25,400,0,03:08:09
-2.25,400,0,03:08:10
-2.3125,400,0,03:08:11
-2.25,400,0,03:08:12
-2.25,400,0,03:08:13
-2.3125,400,0,03:08:15
-2.25,400,0,03:08:16
-2.25,400,0,03:08:17
-2.25,400,0,03:08:18
-2.1875,400,0,03:08:20
-2.25,400,0,03:08:21
-2.25,400,0,03:08:22
-2.25,400,0,03:08:23
-2.25,400,0,03:08:25
-2.25,400,0,03:08:26
-2.25,400,0,03:08:27
-2.25,400,0,03:08:28
-2.25,400,0,03:08:30
-2.25,400,0,03:08:31
-2.25,400,0,03:08:32
-2.1875,400,0,03:08:33
-2.25,400,0,03:08:34
-2.1875,400,0,03:08:36
-2.1875,400,0,03:08:37
-2.25,400,0,03:08:38
-2.25,400,0,03:08:39
-2.1875,400,0,03:08:41
-2.1875,400,0,03:08:42
-2.1875,400,0,03:08:43
-2.1875,400,0,03:08:44
-2.25,400,0,03:08:46
-2.25,400,0,03:08:47
-2.1875,400,0,03:08:48
-2.1875,400,0,03:08:49
-2.1875,400,0,03:08:50
-2.1875,400,0,03:08:52
-2.1875,400,0,03:08:53
-2.1875,400,0,03:08:54
-2.1875,400,0,03:08:55
-2.1875,400,0,03:08:57
-2.1875,400,0,03:08:58
-2.1875,400,0,03:08:59
-2.1875,400,0,03:09:00
-2.1875,400,0,03:09:02
-2.1875,400,0,03:09:03
-2.1875,400,0,03:09:04
-2.1875,400,0,03:09:05
-2.125,400,0,03:09:07
-2.125,400,0,03:09:08
-2.125,400,0,03:09:09
-2.125,400,0,03:09:10
-2.125,400,0,03:09:11
-2.125,400,0,03:09:13
-2.125,400,0,03:09:14
-2.0625,400,0,03:09:15
-2.0625,400,0,03:09:16
-2.125,400,0,03:09:18
-2.0625,400,0,03:09:19
-2.0625,400,0,03:09:20
-2.0625,400,0,03:09:21
-2.0625,400,0,03:09:23
-2.0625,400,0,03:09:24
-2.0625,400,0,03:09:25
-2.0625,400,0,03:09:26
-2.0,400,0,03:09:28
-2.0,400,0,03:09:29
-2.0,400,0,03:09:30
-2.0,400,0,03:09:31
-2.0,400,0,03:09:32
-2.0,400,0,03:09:34
-2.0,400,0,03:09:35
-1.9375,400,0,03:09:36
-2.0,400,0,03:09:37
-2.0,400,0,03:09:39
-2.0,400,0,03:09:40
-1.9375,400,0,03:09:41
-2.0,400,0,03:09:42
-2.0,400,0,03:09:44
-1.9375,400,0,03:09:45
-2.0,400,0,03:09:46
-2.0,400,0,03:09:47
-2.0,400,0,03:09:48
-1.9375,400,0,03:09:50
-2.0,400,0,03:09:51
-1.9375,400,0,03:09:52
-1.9375,400,0,03:09:53
-1.9375,400,0,03:09:55
-1.9375,400,0,03:09:56
-1.9375,400,0,03:09:57
-1.9375,400,0,03:09:58
-1.9375,400,0,03:10:00
-1.875,400,0,03:10:01
-1.875,400,0,03:10:02
-1.8125,400,0,03:10:03
-1.875,400,0,03:10:05
-1.875,400,0,03:10:06
-1.875,400,0,03:10:07
-1.875,400,0,03:10:08
-1.8125,400,0,03:10:09
-1.8125,400,0,03:10:11
-1.875,400,0,03:10:12
-1.8125,400,0,03:10:13
-1.8125,400,0,03:10:14
-1.8125,400,0,03:10:16
-1.8125,400,0,03:10:17
-1.875,400,0,03:10:18
-1.8125,400,0,03:10:19
-1.8125,400,0,03:10:21
-1.8125,400,0,03:10:22
-1.8125,400,0,03:10:23
-1.8125,400,0,03:10:24
-1.8125,400,0,03:10:25
-1.75,400,0,03:10:27
-1.8125,400,0,03:10:28
-1.8125,400,0,03:10:29
-1.75,400,0,03:10:30
-1.75,400,0,03:10:32
-1.75,400,0,03:10:33
-1.75,400,0,03:10:34
-1.75,400,0,03:10:35
-1.75,400,0,03:10:37
-1.75,400,0,03:10:38
-1.75,400,0,03:10:39
-1.75,400,0,03:10:40
-1.75,400,0,03:10:42
-1.6875,400,0,03:10:43
-1.6875,400,0,03:10:44
-1.75,400,0,03:10:45
-1.6875,400,0,03:10:46
-1.625,400,0,03:10:48
-1.75,400,0,03:10:49
-1.6875,400,0,03:10:50
-1.6875,400,0,03:10:51
-1.625,400,0,03:10:53
-1.6875,400,0,03:10:54
-1.625,400,0,03:10:55
-1.6875,400,0,03:10:56
-1.6875,400,0,03:10:58
-1.6875,400,0,03:10:59
-1.625,400,0,03:11:00
-1.6875,400,0,03:11:01
-1.6875,400,0,03:11:02
-1.6875,400,0,03:11:04
-1.625,400,0,03:11:05
-1.625,400,0,03:11:06
-1.6875,400,0,03:11:07
-1.625,400,0,03:11:09
-1.625,400,0,03:11:10
-1.625,400,0,03:11:11
-1.625,400,0,03:11:12
-1.5625,400,0,03:11:14
-1.625,400,0,03:11:15
-1.5625,400,0,03:11:16
-1.625,400,0,03:11:17
-1.625,400,0,03:11:19
-1.625,400,0,03:11:20
-1.5625,400,0,03:11:21
-1.625,400,0,03:11:22
-1.5625,400,0,03:11:23
-1.5625,400,0,03:11:25
-1.5625,400,0,03:11:26
-1.5625,400,0,03:11:27
-1.5625,400,0,03:11:28
-1.5625,400,0,03:11:30
-1.5625,400,0,03:11:31
-1.5625,400,0,03:11:32
-1.5625,400,0,03:11:33
-1.5,400,0,03:11:35
-1.5,400,0,03:11:36
-1.5625,400,0,03:11:37
-1.5,400,0,03:11:38
-1.5,400,0,03:11:40
-1.5625,400,0,03:11:41
-1.5,400,0,03:11:42
-1.5,400,0,03:11:43
-1.4375,400,0,03:11:44
-1.5,400,0,03:11:46
-1.5,400,0,03:11:47
-1.4375,400,0,03:11:48
-1.4375,400,0,03:11:49
-1.4375,400,0,03:11:51
-1.4375,400,0,03:11:52
-1.4375,400,0,03:11:53
-1.4375,400,0,03:11:54
-1.4375,400,0,03:11:56
-1.5,400,0,03:11:57
-1.375,400,0,03:11:58
-1.375,400,0,03:11:59
-1.4375,400,0,03:12:00
-1.4375,400,0,03:12:02
-1.4375,400,0,03:12:03
-1.375,400,0,03:12:04
-1.4375,400,0,03:12:05
-1.4375,400,0,03:12:07
-1.4375,400,0,03:12:08
-1.375,400,0,03:12:09
-1.375,400,0,03:12:10
-1.375,400,0,03:12:12
-1.375,400,0,03:12:13
-1.375,400,0,03:12:14
-1.375,400,0,03:12:15
-1.375,400,0,03:12:17
-1.375,400,0,03:12:18
-1.4375,400,0,03:12:19
-1.375,400,0,03:12:20
-1.375,400,0,03:12:21
-1.375,400,0,03:12:23
-1.3125,400,0,03:12:24
-1.375,400,0,03:12:25
-1.375,400,0,03:12:26
-1.3125,400,0,03:12:28
-1.3125,400,0,03:12:29
-1.375,400,0,03:12:30
-1.3125,400,0,03:12:31
-1.3125,400,0,03:12:33
-1.25,400,0,03:12:34
-1.3125,400,0,03:12:35
-1.25,400,0,03:12:36
-1.3125,400,0,03:12:37
-1.3125,400,0,03:12:39
-1.25,400,0,03:12:40
-1.3125,400,0,03:12:41
-1.25,400,0,03:12:42
-1.25,400,0,03:12:44
-1.25,400,0,03:12:45
-1.3125,400,0,03:12:46
-1.25,400,0,03:12:47
-1.25,400,0,03:12:49
-1.25,400,0,03:12:50
-1.25,400,0,03:12:51
-1.25,400,0,03:12:52
-1.25,400,0,03:12:54
-1.25,400,0,03:12:55
-1.1875,400,0,03:12:56
-1.25,400,0,03:12:57
-1.25,400,0,03:12:58
-1.1875,400,0,03:13:00
-1.1875,400,0,03:13:01
-1.1875,400,0,03:13:02
-1.1875,400,0,03:13:03
-1.1875,400,0,03:13:05
-1.125,400,0,03:13:06
-1.1875,400,0,03:13:07
-1.1875,400,0,03:13:08
-1.1875,400,0,03:13:10
-1.125,400,0,03:13:11
-1.125,400,0,03:13:12
-1.125,400,0,03:13:13
-1.125,400,0,03:13:15
-1.125,400,0,03:13:16
-1.125,400,0,03:13:17
-1.125,400,0,03:13:18
-1.125,400,0,03:13:19
-1.125,400,0,03:13:21
-1.125,400,0,03:13:22
-1.125,400,0,03:13:23
-1.125,400,0,03:13:24
-1.125,400,0,03:13:26
-1.0625,400,0,03:13:27
-1.125,400,0,03:13:28
-1.0625,400,0,03:13:29
-1.0625,400,0,03:13:31
-1.0625,400,0,03:13:32
-1.0625,400,0,03:13:33
-1.0625,400,0,03:13:34
-1.0625,400,0,03:13:35
-1.0625,400,0,03:13:37
-1.0625,400,0,03:13:38
-1.0,400,0,03:13:39
-1.0,400,0,03:13:40
-1.0625,400,0,03:13:42
-1.0,400,0,03:13:43
-1.0,400,0,03:13:44
-1.0,400,0,03:13:45
-1.0,400,0,03:13:47
-1.0,400,0,03:13:48
-1.0625,400,0,03:13:49
-1.0,400,0,03:13:50
-0.9375,400,0,03:13:52
-1.0,400,0,03:13:53
-0.9375,400,0,03:13:54
-0.9375,400,0,03:13:55
-0.875,400,0,03:13:56
-0.9375,400,0,03:13:58
-0.9375,400,0,03:13:59
-0.9375,400,0,03:14:00
-0.9375,400,0,03:14:01
-0.9375,400,0,03:14:03
-0.9375,400,0,03:14:04
-0.9375,400,0,03:14:05
-0.9375,400,0,03:14:06
-0.875,400,0,03:14:08
-0.9375,400,0,03:14:09
-0.875,400,0,03:14:10
-0.875,400,0,03:14:11
-0.875,400,0,03:14:12
-0.875,400,0,03:14:14
-0.875,400,0,03:14:15
-0.875,400,0,03:14:16
-0.875,400,0,03:14:17
-0.875,400,0,03:14:19
-0.8125,400,0,03:14:20
-0.875,400,0,03:14:21
-0.875,400,0,03:14:22
-0.8125,400,0,03:14:24
-0.8125,400,0,03:14:25
-0.875,400,0,03:14:26
-0.8125,400,0,03:14:27
-0.8125,400,0,03:14:29
-0.8125,400,0,03:14:30
-0.8125,400,0,03:14:31
-0.8125,400,0,03:14:32
-0.8125,400,0,03:14:33
-0.8125,400,0,03:14:35
-0.75,400,0,03:14:36
-0.75,400,0,03:14:37
-0.75,400,0,03:14:38
-0.75,400,0,03:14:40
-0.75,400,0,03:14:41
-0.75,400,0,03:14:42
-0.75,400,0,03:14:43
-0.75,400,0,03:14:45
-0.75,400,0,03:14:46
-0.75,400,0,03:14:47
-0.75,400,0,03:14:48
-0.75,400,0,03:14:50
-0.625,400,0,03:14:51
-0.75,400,0,03:14:52
-0.6875,400,0,03:14:53
-0.6875,400,0,03:14:54
-0.6875,400,0,03:14:56
-0.6875,400,0,03:14:57
-0.6875,400,0,03:14:58
-0.6875,400,0,03:14:59
-0.6875,400,0,03:15:01
-0.6875,400,0,03:15:02
-0.6875,400,0,03:15:03
-0.6875,400,0,03:15:04
-0.6875,400,0,03:15:06
-0.6875,400,0,03:15:07
-0.625,400,0,03:15:08
-0.6875,400,0,03:15:09
-0.75,400,0,03:15:10
-0.6875,400,0,03:15:12
-0.6875,400,0,03:15:13
-0.6875,400,0,03:15:14
-0.625,400,0,03:15:15
-0.6875,400,0,03:15:17
-0.6875,400,0,03:15:18
-0.6875,400,0,03:15:19
-0.75,400,0,03:15:20
-0.75,400,0,03:15:22
-0.75,400,0,03:15:23
-0.6875,400,0,03:15:24
-0.6875,400,0,03:15:25
-0.6875,400,0,03:15:27
-0.6875,400,0,03:15:28
-0.75,400,0,03:15:29
-0.6875,400,0,03:15:30
-0.6875,400,0,03:15:31
-0.75,400,0,03:15:33
-0.75,400,0,03:15:34
-0.6875,400,0,03:15:35
-0.75,400,0,03:15:36
-0.6875,400,0,03:15:38
-0.6875,400,0,03:15:39
-0.6875,400,0,03:15:40
-0.6875,400,0,03:15:41
-0.6875,400,0,03:15:43
-0.6875,400,0,03:15:44
-0.625,400,0,03:15:45
-0.5625,400,0,03:15:46
-0.625,400,0,03:15:47
-0.625,400,0,03:15:49
-0.625,400,0,03:15:50
-0.625,400,0,03:15:51
-0.625,400,0,03:15:52
-0.5625,400,0,03:15:54
-0.625,400,0,03:15:55
-0.625,400,0,03:15:56
-0.625,400,0,03:15:57
-0.625,400,0,03:15:59
-0.5625,400,0,03:16:00
-0.625,400,0,03:16:01
-0.5625,400,0,03:16:02
-0.5625,400,0,03:16:04
-0.5625,400,0,03:16:05
-0.5625,400,0,03:16:06
-0.5,400,0,03:16:07
-0.5625,400,0,03:16:08
-0.5,400,0,03:16:10
-0.5,400,0,03:16:11
-0.5,400,0,03:16:12
-0.5,400,0,03:16:13
-0.5,400,0,03:16:15
-0.5,400,0,03:16:16
-0.5,400,0,03:16:17
-0.4375,400,0,03:16:18
-0.4375,400,0,03:16:20
-0.5,400,0,03:16:21
-0.5,400,0,03:16:22
-0.5,400,0,03:16:23
-0.4375,400,0,03:16:24
-0.4375,400,0,03:16:26
-0.4375,400,0,03:16:27
-0.5,400,0,03:16:28
-0.4375,400,0,03:16:29
-0.375,400,0,03:16:31
-0.4375,400,0,03:16:32
-0.375,400,0,03:16:33
-0.4375,400,0,03:16:34
-0.375,400,0,03:16:36
-0.3125,400,0,03:16:37
-0.375,400,0,03:16:38
-0.375,400,0,03:16:39
-0.3125,400,0,03:16:41
-0.3125,400,0,03:16:42
-0.3125,400,0,03:16:43
-0.375,400,0,03:16:44
-0.3125,400,0,03:16:45
-0.25,400,0,03:16:47
-0.3125,400,0,03:16:48
-0.3125,400,0,03:16:49
-0.25,400,0,03:16:50
-0.25,400,0,03:16:52
-0.3125,400,0,03:16:53
-0.3125,400,0,03:16:54
-0.25,400,0,03:16:55
-0.25,400,0,03:16:57
-0.25,400,0,03:16:58
-0.3125,400,0,03:16:59
-0.25,400,0,03:17:00
-0.3125,400,0,03:17:02
-0.3125,400,0,03:17:03
-0.3125,400,0,03:17:04
-0.3125,400,0,03:17:05
-0.25,400,0,03:17:06
-0.1875,400,0,03:17:08
-0.1875,400,0,03:17:09
-0.25,400,0,03:17:10
-0.1875,400,0,03:17:11
-0.1875,400,0,03:17:13
-0.1875,400,0,03:17:14
-0.1875,400,0,03:17:15
-0.1875,400,0,03:17:16
-0.1875,400,0,03:17:18
-0.1875,400,0,03:17:19
-0.125,400,0,03:17:20
-0.125,400,0,03:17:21
-0.125,400,0,03:17:22
-0.1875,400,0,03:17:24
-0.125,400,0,03:17:25
-0.1875,400,0,03:17:26
-0.1875,400,0,03:17:27
-0.25,400,0,03:17:29
-0.1875,400,0,03:17:30
-0.125,400,0,03:17:31
-0.1875,400,0,03:17:32
-0.1875,400,0,03:17:34
-0.25,400,0,03:17:35
-0.25,400,0,03:17:36
-0.1875,400,0,03:17:37
-0.125,400,0,03:17:39
-0.1875,400,0,03:17:40
-0.1875,400,0,03:17:41
-0.1875,400,0,03:17:42
-0.1875,400,0,03:17:43
-0.125,400,0,03:17:45
-0.1875,400,0,03:17:46
-0.125,400,0,03:17:47
-0.125,400,0,03:17:48
-0.125,400,0,03:17:50
-0.1875,400,0,03:17:51
-0.1875,400,0,03:17:52
-0.1875,400,0,03:17:53
-0.25,400,0,03:17:55
-0.3125,400,0,03:17:56
-0.3125,400,0,03:17:57
-0.3125,400,0,03:17:58
-0.3125,400,0,03:17:59
-0.3125,400,0,03:18:01
-0.3125,400,0,03:18:02
-0.25,400,0,03:18:03
-0.25,400,0,03:18:04
-0.25,400,0,03:18:06
-0.25,400,0,03:18:07
-0.25,400,0,03:18:08
-0.25,400,0,03:18:09
-0.25,400,0,03:18:11
-0.3125,400,0,03:18:12
-0.3125,400,0,03:18:13
-0.3125,400,0,03:18:14
-0.25,400,0,03:18:16
-0.25,400,0,03:18:17
-0.1875,400,0,03:18:18
-0.1875,400,0,03:18:19
-0.25,400,0,03:18:20
-0.25,400,0,03:18:22
-0.3125,400,0,03:18:23
-0.3125,400,0,03:18:24
-0.375,400,0,03:18:25
-0.3125,400,0,03:18:27
-0.375,400,0,03:18:28
-0.375,400,0,03:18:29
-0.4375,400,0,03:18:30
-0.375,400,0,03:18:32
-0.375,400,0,03:18:33
-0.4375,400,0,03:18:34
-0.4375,400,0,03:18:35
-0.5,400,0,03:18:36
-0.4375,400,0,03:18:38
-0.5,400,0,03:18:39
-0.5,400,0,03:18:40
-0.5,400,0,03:18:41
-0.5,400,0,03:18:43
-0.5625,400,0,03:18:44
-0.5625,400,0,03:18:45
-0.5625,400,0,03:18:46
-0.5625,400,0,03:18:48
-0.5625,400,0,03:18:49
-0.5625,400,0,03:18:50
-0.5625,400,0,03:18:51
-0.5625,400,0,03:18:53
-0.5625,400,0,03:18:54
-0.5625,400,0,03:18:55
-0.5625,400,0,03:18:56
-0.5625,400,0,03:18:57
-0.5625,400,0,03:18:59
-0.5,400,0,03:19:00
-0.5625,400,0,03:19:01
-0.5625,400,0,03:19:02
-0.5625,400,0,03:19:04
-0.5625,400,0,03:19:05
-0.5625,400,0,03:19:06
-0.5625,400,0,03:19:07
-0.625,400,0,03:19:09
-0.625,400,0,03:19:10
-0.625,400,0,03:19:11
-0.625,400,0,03:19:12
-0.6875,400,0,03:19:13
-0.625,400,0,03:19:15
-0.6875,400,0,03:19:16
-0.6875,400,0,03:19:17
-0.625,400,0,03:19:18
-0.625,400,0,03:19:20
-0.6875,400,0,03:19:21
-0.625,400,0,03:19:22
-0.6875,400,0,03:19:23
-0.75,400,0,03:19:25
-0.75,400,0,03:19:26
-0.6875,400,0,03:19:27
-0.75,400,0,03:19:28
-0.8125,400,0,03:19:30
-0.75,400,0,03:19:31
-0.75,400,0,03:19:32
-0.8125,400,0,03:19:33
-0.75,400,0,03:19:34
-0.8125,400,0,03:19:36
-0.875,400,0,03:19:37
-0.8125,400,0,03:19:38
-0.8125,400,0,03:19:39
-0.8125,400,0,03:19:41
-0.8125,400,0,03:19:42
-0.875,400,0,03:19:43
-0.8125,400,0,03:19:44
-0.8125,400,0,03:19:46
-0.875,400,0,03:19:47
-0.875,400,0,03:19:48
-0.8125,400,0,03:19:49
-0.875,400,0,03:19:51
-0.875,400,0,03:19:52
-0.9375,400,0,03:19:53
-0.9375,400,0,03:19:54
-0.9375,400,0,03:19:55
-0.9375,400,0,03:19:57
-0.9375,400,0,03:19:58
-1.0,400,0,03:19:59
-0.9375,400,0,03:20:00
-1.0,400,0,03:20:02
-1.0,400,0,03:20:03
-0.9375,400,0,03:20:04
-1.0,400,0,03:20:05
-1.0,400,0,03:20:07
-0.9375,400,0,03:20:08
-1.0,400,0,03:20:09
-1.0,400,0,03:20:10
-1.0,400,0,03:20:11
-1.0,400,0,03:20:13
-1.0,400,0,03:20:14
-1.0,400,0,03:20:15
-1.0,400,0,03:20:16
-1.0,400,0,03:20:18
-1.0,400,0,03:20:19
-1.0,400,0,03:20:20
-1.0625,400,0,03:20:21
-1.0,400,0,03:20:23
-1.0625,400,0,03:20:24
-1.0625,400,0,03:20:25
-1.125,400,0,03:20:26
-1.0625,400,0,03:20:28
-1.0625,400,0,03:20:29
-1.0625,400,0,03:20:30
-1.125,400,0,03:20:31
-1.1875,400,0,03:20:32
-1.125,400,0,03:20:34
-1.125,400,0,03:20:35
-1.125,400,0,03:20:36
-1.0625,400,0,03:20:37
-1.125,400,0,03:20:39
-1.0625,400,0,03:20:40
-1.125,400,0,03:20:41
-1.125,400,0,03:20:42
-1.125,400,0,03:20:44
-1.0625,400,0,03:20:45
-1.125,400,0,03:20:46
-1.125,400,0,03:20:47
-1.0625,400,0,03:20:48
-1.0625,400,0,03:20:50
-1.1875,400,0,03:20:51
-1.125,400,0,03:20:52
-1.125,400,0,03:20:53
-1.1875,400,0,03:20:55
-1.125,400,0,03:20:56
-1.1875,400,0,03:20:57
-1.1875,400,0,03:20:58
-1.25,400,0,03:21:00
-1.25,400,0,03:21:01
-1.25,400,0,03:21:02
-1.25,400,0,03:21:03
-1.3125,400,0,03:21:05
-1.3125,400,0,03:21:06
-1.3125,400,0,03:21:07
-1.3125,400,0,03:21:08
-1.375,400,0,03:21:09
-1.375,400,0,03:21:11
-1.375,400,0,03:21:12
-1.375,400,0,03:21:13
-1.375,400,0,03:21:14
-1.375,400,0,03:21:16
-1.3125,400,0,03:21:17
-1.375,400,0,03:21:18
-1.375,400,0,03:21:19
-1.4375,400,0,03:21:21
-1.4375,400,0,03:21:22
-1.4375,400,0,03:21:23
-1.3125,400,0,03:21:24
-1.375,400,0,03:21:25
-1.375,400,0,03:21:27
-1.375,400,0,03:21:28
-1.4375,400,0,03:21:29
-1.5,400,0,03:21:30
-1.5,400,0,03:21:32
-1.5,400,0,03:21:33
-1.5,400,0,03:21:34
-1.5,400,0,03:21:35
-1.5,400,0,03:21:37
-1.4375,400,0,03:21:38
-1.5,400,0,03:21:39
-1.4375,400,0,03:21:40
-1.5,400,0,03:21:42
-1.4375,400,0,03:21:43
-1.4375,400,0,03:21:44
-1.5,400,0,03:21:45
-1.5,400,0,03:21:46
-1.5,400,0,03:21:48
-1.5,400,0,03:21:49
-1.5,400,0,03:21:50
-1.4375,400,0,03:21:51
-1.5,400,0,03:21:53
-1.5,400,0,03:21:54
-1.5,400,0,03:21:55
-1.5625,400,0,03:21:56
-1.5625,400,0,03:21:58
-1.5625,400,0,03:21:59
-1.625,400,0,03:22:00
-1.625,400,0,03:22:01
-1.625,400,0,03:22:02
-1.6875,400,0,03:22:04
-1.625,400,0,03:22:05
-1.6875,400,0,03:22:06
-1.6875,400,0,03:22:07
-1.6875,400,0,03:22:09
-1.75,400,0,03:22:10
-1.8125,400,0,03:22:11
-1.75,400,0,03:22:12
-1.75,400,0,03:22:14
-1.75,400,0,03:22:15
-1.75,400,0,03:22:16
-1.8125,400,0,03:22:17
-1.75,400,0,03:22:19
-1.75,400,0,03:22:20
-1.8125,400,0,03:22:21
-1.8125,400,0,03:22:22
-1.8125,400,0,03:22:23
-1.75,400,0,03:22:25
-1.75,400,0,03:22:26
-1.8125,400,0,03:22:27
-1.8125,400,0,03:22:28
-1.8125,400,0,03:22:30
-1.875,400,0,03:22:31
-1.8125,400,0,03:22:32
-1.75,400,0,03:22:33
-1.75,400,0,03:22:35
-1.8125,400,0,03:22:36
-1.8125,400,0,03:22:37
-1.875,400,0,03:22:38
-1.8125,400,0,03:22:39
-1.8125,400,0,03:22:41
-1.875,400,0,03:22:42
-1.8125,400,0,03:22:43
-1.875,400,0,03:22:44
-1.9375,400,0,03:22:46
-1.875,400,0,03:22:47
-1.875,400,0,03:22:48
-1.875,400,0,03:22:49
-1.9375,400,0,03:22:51
-1.875,400,0,03:22:52
-1.875,400,0,03:22:53
-1.9375,400,0,03:22:54
-2.0,400,0,03:22:56
-1.9375,400,0,03:22:57
-2.0,400,0,03:22:58
-1.9375,400,0,03:22:59
-2.0,400,0,03:23:00
-2.0,400,0,03:23:02
-1.9375,400,0,03:23:03
-2.0,400,0,03:23:04
-2.0,400,0,03:23:05
-2.0,400,0,03:23:07
-2.0,400,0,03:23:08
-2.0,400,0,03:23:09
-2.0625,400,0,03:23:10
-2.0625,400,0,03:23:12
-2.0,400,0,03:23:13
-2.0,400,0,03:23:14
-2.0,400,0,03:23:15
-2.0,400,0,03:23:16
-2.0,400,0,03:23:18
-2.0625,400,0,03:23:19
-2.0625,400,0,03:23:20
-2.0,400,0,03:23:21
-2.0625,400,0,03:23:23
-2.0625,400,0,03:23:24
-2.0625,400,0,03:23:25
-2.125,400,0,03:23:26
-2.125,400,0,03:23:28
-2.125,400,0,03:23:29
-2.125,400,0,03:23:30
-2.125,400,0,03:23:31
-2.125,400,0,03:23:33
-2.125,400,0,03:23:34
-2.1875,400,0,03:23:35
-2.125,400,0,03:23:36
-2.125,400,0,03:23:37
-2.125,400,0,03:23:39
-2.1875,400,0,03:23:40
-2.1875,400,0,03:23:41
-2.1875,400,0,03:23:42
-2.1875,400,0,03:23:44
-2.125,400,0,03:23:45
-2.1875,400,0,03:23:46
-2.125,400,0,03:23:47
-2.125,400,0,03:23:49
-2.1875,400,0,03:23:50
-2.1875,400,0,03:23:51
-2.0625,400,0,03:23:52
-2.125,400,0,03:23:54
-2.125,400,0,03:23:55
-2.125,400,0,03:23:56
-2.125,400,0,03:23:57
-2.125,400,0,03:23:58
-2.125,400,0,03:24:00
-2.125,400,0,03:24:01
-2.125,400,0,03:24:02
-2.1875,400,0,03:24:03
-2.125,400,0,03:24:05
-2.1875,400,0,03:24:06
-2.1875,400,0,03:24:07
-2.1875,400,0,03:24:08
-2.125,400,0,03:24:10
-2.1875,400,0,03:24:11
-2.125,400,0,03:24:12
-2.125,400,0,03:24:13
-2.125,400,0,03:24:14
-2.25,400,0,03:24:16
-2.1875,400,0,03:24:17
-2.25,400,0,03:24:18
-2.25,400,0,03:24:19
-2.25,400,0,03:24:21
-2.1875,400,0,03:24:22
-2.25,400,0,03:24:23
-2.25,400,0,03:24:24
-2.25,400,0,03:24:26
-2.3125,400,0,03:24:27
-2.3125,400,0,03:24:28
-2.3125,400,0,03:24:29
-2.3125,400,0,03:24:31
-2.3125,400,0,03:24:32
-2.3125,400,0,03:24:33
-2.375,400,0,03:24:34
-2.375,400,0,03:24:35
-2.3125,400,0,03:24:37
-2.375,400,0,03:24:38
-2.375,400,0,03:24:39
-2.4375,400,0,03:24:40
-2.4375,400,0,03:24:42
-2.375,400,0,03:24:43
-2.375,400,0,03:24:44
-2.375,400,0,03:24:45
-2.375,400,0,03:24:47
-2.375,400,0,03:24:48
-2.375,400,0,03:24:49
-2.375,400,0,03:24:50
-2.375,400,0,03:24:51
-2.375,400,0,03:24:53
-2.375,400,0,03:24:54
-2.375,400,0,03:24:55
-2.4375,400,0,03:24:56
-2.4375,400,0,03:24:58
-2.375,400,0,03:24:59
-2.5,400,0,03:25:00
-2.5,400,0,03:25:01
-2.5625,400,0,03:25:03
-2.5625,400,0,03:25:04
-2.5625,400,0,03:25:05
-2.5,400,0,03:25:06
-2.5,400,0,03:25:08
-2.4375,400,0,03:25:09
-2.5,400,0,03:25:10
-2.5,400,0,03:25:11
-2.5625,400,0,03:25:12
-2.625,400,0,03:25:14
-2.5625,400,0,03:25:15
-2.5625,400,0,03:25:16
-2.625,400,0,03:25:17
-2.5625,400,0,03:25:19
-2.625,400,0,03:25:20
-2.5625,400,0,03:25:21
-2.5625,400,0,03:25:22
-2.5625,400,0,03:25:24
-2.5625,400,0,03:25:25
-2.625,400,0,03:25:26
-2.625,400,0,03:25:27
-2.625,400,0,03:25:29
-2.6875,400,0,03:25:30
-2.6875,400,0,03:25:31
-2.6875,400,0,03:25:32
-2.75,400,0,03:25:33
-2.6875,400,0,03:25:35
-2.6875,400,0,03:25:36
-2.75,400,0,03:25:37
-2.6875,400,0,03:25:38
-2.75,400,0,03:25:40
-2.75,400,0,03:25:41
-2.8125,400,0,03:25:42
-2.8125,400,0,03:25:43
-2.8125,400,0,03:25:45
-2.8125,400,0,03:25:46
-2.8125,400,0,03:25:47
-2.8125,400,0,03:25:48
-2.75,400,0,03:25:49
-2.75,400,0,03:25:51
-2.8125,400,0,03:25:52
-2.8125,400,0,03:25:53
-2.875,400,0,03:25:54
-2.875,400,0,03:25:56
-2.875,400,0,03:25:57
-2.8125,400,0,03:25:58
-2.875,400,0,03:25:59
-2.875,400,0,03:26:01
-2.875,400,0,03:26:02
-2.9375,400,0,03:26:03
-2.9375,400,0,03:26:04
-3.0,400,0,03:26:06
-3.0,400,0,03:26:07
-3.0,400,0,03:26:08
-3.0,400,0,03:26:09
-2.9375,400,0,03:26:10
-2.9375,400,0,03:26:12
-3.0,400,0,03:26:13
-3.0,400,0,03:26:14
-2.9375,400,0,03:26:15
-2.9375,400,0,03:26:17
-3.0,400,0,03:26:18
-3.0,400,0,03:26:19
-3.0625,400,0,03:26:20
-3.0,400,0,03:26:22
-2.9375,400,0,03:26:23
-2.9375,400,0,03:26:24
-3.0,400,0,03:26:25
-2.9375,400,0,03:26:26
-3.0,400,0,03:26:28
-2.9375,400,0,03:26:29
-3.0,400,0,03:26:30
-3.0,400,0,03:26:31
-3.0625,400,0,03:26:33
-3.0,400,0,03:26:34
-3.0,400,0,03:26:35
-3.0,400,0,03:26:36
-3.0,400,0,03:26:38
-3.0,400,0,03:26:39
-3.0625,400,0,03:26:40
-3.125,400,0,03:26:41
-3.125,400,0,03:26:43
-3.125,400,0,03:26:44
-3.0625,400,0,03:26:45
-3.125,400,0,03:26:46
-3.125,400,0,03:26:47
-3.125,400,0,03:26:49
-3.0625,400,0,03:26:50
-3.125,400,0,03:26:51
-3.125,400,0,03:26:52
-3.125,400,0,03:26:54
-3.1875,400,0,03:26:55
-3.125,400,0,03:26:56
-3.125,400,0,03:26:57
-3.125,400,0,03:26:59
-3.125,400,0,03:27:00
-3.125,400,0,03:27:01
-3.125,400,0,03:27:02
-3.125,400,0,03:27:04
-3.125,400,0,03:27:05
-3.125,400,0,03:27:06
-3.125,400,0,03:27:07
-3.125,400,0,03:27:08
-3.1875,400,0,03:27:10
-3.125,400,0,03:27:11
-3.125,400,0,03:27:12
-3.1875,400,0,03:27:13
-3.1875,400,0,03:27:15
-3.1875,400,0,03:27:16
-3.0625,400,0,03:27:17
-3.125,400,0,03:27:18
-3.1875,400,0,03:27:20
-3.125,400,0,03:27:21
-3.1875,400,0,03:27:22
-3.1875,400,0,03:27:23
-3.25,400,0,03:27:24
-3.25,400,0,03:27:26
-3.25,400,0,03:27:27
-3.1875,400,0,03:27:28
-3.1875,400,0,03:27:29
-3.1875,400,0,03:27:31
-3.25,400,0,03:27:32
-3.25,400,0,03:27:33
-3.1875,400,0,03:27:34
-3.1875,400,0,03:27:36
-3.1875,400,0,03:27:37
-3.1875,400,0,03:27:38
-3.125,400,0,03:27:39
-3.125,400,0,03:27:41
-3.1875,400,0,03:27:42
-3.1875,400,0,03:27:43
-3.125,400,0,03:27:44
-3.1875,400,0,03:27:45
-3.1875,400,0,03:27:47
-3.1875,400,0,03:27:48
-3.125,400,0,03:27:49
-3.125,400,0,03:27:50
-3.1875,400,0,03:27:52
-3.1875,400,0,03:27:53
-3.125,400,0,03:27:54
-3.1875,400,0,03:27:55
-3.125,400,0,03:27:57
-3.1875,400,0,03:27:58
-3.1875,400,0,03:27:59
-3.1875,400,0,03:28:00
-3.125,400,0,03:28:01
-3.0625,400,0,03:28:03
-3.1875,400,0,03:28:04
-3.125,400,0,03:28:05
-3.1875,400,0,03:28:06
-3.125,400,0,03:28:08
-3.125,400,0,03:28:09
-3.125,400,0,03:28:10
-3.0625,400,0,03:28:11
-3.0625,400,0,03:28:13
-3.125,400,0,03:28:14
-3.125,400,0,03:28:15
-3.125,400,0,03:28:16
-3.125,400,0,03:28:18
-3.125,400,0,03:28:19
-3.0625,400,0,03:28:20
-3.0625,400,0,03:28:21
-3.125,400,0,03:28:22
-3.0,400,0,03:28:24
-3.0625,400,0,03:28:25
-3.0625,400,0,03:28:26
-3.0625,400,0,03:28:27
-3.0,400,0,03:28:29
-3.0625,400,0,03:28:30
-3.0625,400,0,03:28:31
-3.0,400,0,03:28:32
-3.0,400,0,03:28:34
-3.0,400,0,03:28:35
-3.0,400,0,03:28:36
-3.0,400,0,03:28:37
-3.0,400,0,03:28:38
-3.0,400,0,03:28:40
-3.0,400,0,03:28:41
-3.0,400,0,03:28:42
-2.9375,400,0,03:28:43
-3.0,400,0,03:28:45
-2.9375,400,0,03:28:46
-2.9375,400,0,03:28:47
-2.9375,400,0,03:28:48
-2.9375,400,0,03:28:50
-2.875,400,0,03:28:51
-2.9375,400,0,03:28:52
-2.9375,400,0,03:28:53
-2.875,400,0,03:28:55
-2.875,400,0,03:28:56
-2.875,400,0,03:28:57
-2.875,400,0,03:28:58
-2.875,400,0,03:28:59
-2.875,400,0,03:29:01
-2.875,400,0,03:29:02
-2.875,400,0,03:29:03
-2.875,400,0,03:29:04
-2.875,400,0,03:29:06
-2.875,400,0,03:29:07
-2.8125,400,0,03:29:08
-2.8125,400,0,03:29:09
-2.8125,400,0,03:29:11
-2.8125,400,0,03:29:12
-2.8125,400,0,03:29:13
-2.8125,400,0,03:29:14
-2.8125,400,0,03:29:16
-2.8125,400,0,03:29:17
-2.8125,400,0,03:29:18
-2.8125,400,0,03:29:19
-2.75,400,0,03:29:20
-2.8125,400,0,03:29:22
-2.75,400,0,03:29:23
-2.75,400,0,03:29:24
-2.6875,400,0,03:29:25
-2.75,400,0,03:29:27
-2.6875,400,0,03:29:28
-2.6875,400,0,03:29:29
-2.6875,400,0,03:29:30
-2.6875,400,0,03:29:32
-2.6875,400,0,03:29:33
-2.6875,400,0,03:29:34
-2.625,400,0,03:29:35
-2.5625,400,0,03:29:36
-2.5625,400,0,03:29:38
-2.625,400,0,03:29:39
-2.5625,400,0,03:29:40
-2.625,400,0,03:29:41
-2.5625,400,0,03:29:43
-2.5625,400,0,03:29:44
-2.5625,400,0,03:29:45
-2.5625,400,0,03:29:46
-2.5625,400,0,03:29:48
-2.5625,400,0,03:29:49
-2.5,400,0,03:29:50
-2.4375,400,0,03:29:51
-2.5,400,0,03:29:53
-2.5,400,0,03:29:54
-2.5625,400,0,03:29:55
-2.5,400,0,03:29:56
-2.4375,400,0,03:29:57
-2.4375,400,0,03:29:59
-2.5,400,0,03:30:00
-2.4375,400,0,03:30:01
-2.4375,400,0,03:30:02
-2.4375,400,0,03:30:04
-2.4375,400,0,03:30:05
-2.4375,400,0,03:30:06
-2.4375,400,0,03:30:07
-2.4375,400,0,03:30:09
-2.375,400,0,03:30:10
-2.4375,400,0,03:30:11
-2.4375,400,0,03:30:12
-2.375,400,0,03:30:13
-2.375,400,0,03:30:15
-2.375,400,0,03:30:16
-2.4375,400,0,03:30:17
-2.375,400,0,03:30:18
-2.3125,400,0,03:30:20
-2.375,400,0,03:30:21
-2.375,400,0,03:30:22
-2.375,400,0,03:30:23
-2.375,400,0,03:30:25
-2.3125,400,0,03:30:26
-2.3125,400,0,03:30:27
-2.25,400,0,03:30:28
-2.3125,400,0,03:30:30
-2.1875,400,0,03:30:31
-2.25,400,0,03:30:32
-2.25,400,0,03:30:33
-2.25,400,0,03:30:34
-2.25,400,0,03:30:36
-2.1875,400,0,03:30:37
-2.1875,400,0,03:30:38
-2.25,400,0,03:30:39
-2.25,400,0,03:30:41
-2.125,400,0,03:30:42
-2.1875,400,0,03:30:43
-2.125,400,0,03:30:44
-2.1875,400,0,03:30:46
-2.1875,400,0,03:30:47
-2.1875,400,0,03:30:48
-2.125,400,0,03:30:49
-2.0625,400,0,03:30:50
-2.125,400,0,03:30:52
-2.125,400,0,03:30:53
-2.125,400,0,03:30:54
-2.125,400,0,03:30:55
-2.1875,400,0,03:30:57
-2.125,400,0,03:30:58
-2.125,400,0,03:30:59
-2.125,400,0,03:31:00
-2.125,400,0,03:31:02
-2.0625,400,0,03:31:03
-2.0625,400,0,03:31:04
-2.0625,400,0,03:31:05
-2.125,400,0,03:31:07
-2.0625,400,0,03:31:08
-2.0625,400,0,03:31:09
-2.0625,400,0,03:31:10
-2.0,400,0,03:31:11
-2.0625,400,0,03:31:13
-2.0,400,0,03:31:14
-2.0,400,0,03:31:15
-2.0,400,0,03:31:16
-2.0,400,0,03:31:18
-1.9375,400,0,03:31:19
-1.9375,400,0,03:31:20
-1.9375,400,0,03:31:21
-1.9375,400,0,03:31:23
-1.9375,400,0,03:31:24
-1.9375,400,0,03:31:25
-1.9375,400,0,03:31:26
-1.875,400,0,03:31:28
-1.875,400,0,03:31:29
-1.875,400,0,03:31:30
-1.875,400,0,03:31:31
-1.875,400,0,03:31:32
-1.875,400,0,03:31:34
-1.9375,400,0,03:31:35
-1.875,400,0,03:31:36
-1.875,400,0,03:31:37
-1.8125,400,0,03:31:39
-1.8125,400,0,03:31:40
-1.75,400,0,03:31:41
-1.8125,400,0,03:31:42
-1.8125,400,0,03:31:44
-1.8125,400,0,03:31:45
-1.8125,400,0,03:31:46
-1.8125,400,0,03:31:47
-1.8125,400,0,03:31:48
-1.75,400,0,03:31:50
-1.8125,400,0,03:31:51
-1.8125,400,0,03:31:52
-1.75,400,0,03:31:53
-1.75,400,0,03:31:55
-1.6875,400,0,03:31:56
-1.75,400,0,03:31:57
-1.75,400,0,03:31:58
-1.75,400,0,03:32:00
-1.75,400,0,03:32:01
-1.6875,400,0,03:32:02
-1.75,400,0,03:32:03
-1.6875,400,0,03:32:05
-1.75,400,0,03:32:06
-1.6875,400,0,03:32:07
-1.6875,400,0,03:32:08
